{
  "definition": {
    "$schema": "https://schema.management.azure.com/schemas/2016-06-01/workflowdefinition.json#",
    "contentVersion": "1.0.0.0",
    "parameters": {
      "SitePrefix": {
        "type": "string",
        "defaultValue": "https://solveplan.sharepoint.com/teams/solve_proj_"
      },
      "StorageContainer": {
        "type": "string",
        "defaultValue": "bpds"
      },
      "StorageAccount": {
        "type": "string",
        "defaultValue": "ingestbpd"
      }
    },
    "triggers": {
      "Every_day_2am_BRT": {
        "type": "Recurrence",
        "recurrence": {
          "frequency": "Day",
          "interval": 1,
          "schedule": {
            "hours": [
              5
            ],
            "minutes": [
              0
            ]
          },
          "timeZone": "UTC"
        }
      }
    },
    "actions": {
      "Get_TENANT_ID": {
        "type": "ApiConnection",
        "inputs": {
          "host": {
            "connection": {
              "name": "@parameters('$connections')['keyvault']['connectionId']"
            }
          },
          "method": "get",
          "path": "/secrets/@{encodeURIComponent('TENANT-ID')}/value"
        },
        "runAfter": {}
      },
      "Get_GRAPH_CLIENT_ID": {
        "type": "ApiConnection",
        "inputs": {
          "host": {
            "connection": {
              "name": "@parameters('$connections')['keyvault']['connectionId']"
            }
          },
          "method": "get",
          "path": "/secrets/@{encodeURIComponent('GRAPH-CLIENT-ID')}/value"
        },
        "runAfter": {
          "Get_TENANT_ID": [
            "Succeeded"
          ]
        }
      },
      "Get_GRAPH_CLIENT_SECRET1": {
        "type": "ApiConnection",
        "inputs": {
          "host": {
            "connection": {
              "name": "@parameters('$connections')['keyvault']['connectionId']"
            }
          },
          "method": "get",
          "path": "/secrets/@{encodeURIComponent('GRAPH-CLIENT-SECRET1')}/value"
        },
        "runAfter": {
          "Get_GRAPH_CLIENT_ID": [
            "Succeeded"
          ]
        }
      },
      "Get_Graph_Token": {
        "type": "Http",
        "inputs": {
          "method": "POST",
          "uri": "@{concat('https://login.microsoftonline.com/', body('Get_TENANT_ID')?['value'], '/oauth2/v2.0/token')}",
          "headers": {
            "Content-Type": "application/x-www-form-urlencoded"
          },
          "body": "@{concat('client_id=', encodeUriComponent(body('Get_GRAPH_CLIENT_ID')?['value']), '&client_secret=', encodeUriComponent(body('Get_GRAPH_CLIENT_SECRET1')?['value']), '&scope=', encodeUriComponent('https://graph.microsoft.com/.default'), '&grant_type=client_credentials')}"
        },
        "runAfter": {
          "Get_GRAPH_CLIENT_SECRET1": [
            "Succeeded"
          ]
        }
      },
      "Search_Sites": {
        "type": "Http",
        "inputs": {
          "method": "GET",
          "uri": "https://graph.microsoft.com/v1.0/sites?search=solve_proj",
          "headers": {
            "Authorization": "@{concat('Bearer ', body('Get_Graph_Token')?['access_token'])}"
          }
        },
        "runAfter": {
          "Get_Graph_Token": [
            "Succeeded"
          ]
        }
      },
      "For_each_Site": {
        "type": "Foreach",
        "foreach": "@{body('Search_Sites')?['value']}",
        "actions": {
          "Check_Prefix": {
            "type": "If",
            "expression": {
              "and": [
                {
                  "startsWith": [
                    "@{toLower(item()?['webUrl'])}",
                    "@{toLower(parameters('SitePrefix'))}"
                  ]
                }
              ]
            },
            "actions": {
              "List_Drives": {
                "type": "Http",
                "inputs": {
                  "method": "GET",
                  "uri": "@{concat('https://graph.microsoft.com/v1.0/sites/', item()?['id'], '/drives')}",
                  "headers": {
                    "Authorization": "@{concat('Bearer ', body('Get_Graph_Token')?['access_token'])}"
                  }
                }
              },
              "For_each_Drive": {
                "type": "Foreach",
                "foreach": "@{body('List_Drives')?['value']}",
                "actions": {
                  "Get_Checkpoint": {
                    "type": "ApiConnection",
                    "inputs": {
                      "host": {
                        "connection": {
                          "name": "@parameters('$connections')['azureblob']['connectionId']"
                        }
                      },
                      "method": "get",
                      "path": "/datasets/default/files",
                      "queries": {
                        "folderPath": "@{concat('/','_checkpoints')}",
                        "name": "@{concat(item()?['name'],'__', replace(replace(item()['id'], '/', '_'), '\\\\', '_'), '.json')}",
                        "inferContentType": "true"
                      }
                    }
                  },
                  "Set_Delta_URL": {
                    "type": "InitializeVariable",
                    "inputs": {
                      "variables": [
                        {
                          "name": "DeltaUrl",
                          "type": "string",
                          "value": "@{coalesce(body('Get_Checkpoint')?['$content'], '')}"
                        }
                      ]
                    },
                    "runAfter": {
                      "Get_Checkpoint": [
                        "Succeeded"
                      ]
                    }
                  },
                  "Get_Delta": {
                    "type": "Http",
                    "inputs": {
                      "method": "GET",
                      "uri": "@{if(equals(variables('DeltaUrl'), ''), concat('https://graph.microsoft.com/v1.0/drives/', item()?['id'], '/root/delta'), variables('DeltaUrl'))}",
                      "headers": {
                        "Authorization": "@{concat('Bearer ', body('Get_Graph_Token')?['access_token'])}"
                      }
                    },
                    "runAfter": {
                      "Set_Delta_URL": [
                        "Succeeded"
                      ]
                    }
                  },
                  "For_each_Item": {
                    "type": "Foreach",
                    "foreach": "@{body('Get_Delta')?['value']}",
                    "actions": {
                      "If_is_file": {
                        "type": "If",
                        "expression": {
                          "not": [
                            {
                              "equals": [
                                "@{item()?['file']}",
                                "@{null}"
                              ]
                            }
                          ]
                        },
                        "actions": {
                          "Get_File_Content": {
                            "type": "Http",
                            "inputs": {
                              "method": "GET",
                              "uri": "@{concat('https://graph.microsoft.com/v1.0/drives/', item()['parentReference']?['driveId'], '/items/', item()?['id'], '/content')}",
                              "headers": {
                                "Authorization": "@{concat('Bearer ', body('Get_Graph_Token')?['access_token'])}"
                              }
                            }
                          },
                          "Build_Blob_Path": {
                            "type": "InitializeVariable",
                            "inputs": {
                              "variables": [
                                {
                                  "name": "BlobPath",
                                  "type": "string",
                                  "value": "@{concat(coalesce(encodeUriComponent(first(split(item()['parentReference']?['siteId'], ','))), 'site'), '/', encodeUriComponent(item()['parentReference']?['driveId']), replace(coalesce(replace(item()['parentReference']?['path'], '/drive/root:', ''), ''), ':', ''), '/', item()?['name'])}"
                                }
                              ]
                            },
                            "runAfter": {
                              "Get_File_Content": [
                                "Succeeded"
                              ]
                            }
                          },
                          "Upload_to_Blob": {
                            "type": "ApiConnection",
                            "inputs": {
                              "host": {
                                "connection": {
                                  "name": "@parameters('$connections')['azureblob']['connectionId']"
                                }
                              },
                              "method": "post",
                              "path": "/datasets/default/files",
                              "queries": {
                                "folderPath": "@{concat('/', parameters('StorageContainer'))}",
                                "name": "@{variables('BlobPath')}",
                                "queryParametersSingleEncoded": true
                              },
                              "headers": {
                                "x-ms-file-attributes": "None",
                                "x-ms-file-creation-time": "now",
                                "x-ms-file-last-write-time": "now",
                                "x-ms-file-permission": "inherit"
                              },
                              "body": "@{body('Get_File_Content')}"
                            },
                            "runAfter": {
                              "Build_Blob_Path": [
                                "Succeeded"
                              ]
                            }
                          }
                        },
                        "runAfter": {}
                      }
                    }
                  },
                  "Save_Checkpoint": {
                    "type": "ApiConnection",
                    "inputs": {
                      "host": {
                        "connection": {
                          "name": "@parameters('$connections')['azureblob']['connectionId']"
                        }
                      },
                      "method": "post",
                      "path": "/datasets/default/files",
                      "queries": {
                        "folderPath": "/_checkpoints",
                        "name": "@{concat(item()?['name'],'__', replace(replace(item()['id'], '/', '_'), '\\\\', '_'), '.json')}",
                        "queryParametersSingleEncoded": true
                      },
                      "body": "@{coalesce(body('Get_Delta')?['@odata.deltaLink'], '')}"
                    },
                    "runAfter": {
                      "For_each_Item": [
                        "Succeeded"
                      ]
                    }
                  }
                },
                "runAfter": {
                  "List_Drives": [
                    "Succeeded"
                  ]
                }
              }
            },
            "else": {}
          }
        },
        "runAfter": {
          "Search_Sites": [
            "Succeeded"
          ]
        }
      }
    },
    "outputs": {}
  },
  "kind": "Stateful",
  "parameters": {
    "$connections": {
      "value": {
        "keyvault": {
          "connectionId": "/subscriptions/{subscriptionId}/resourceGroups/{resourceGroupName}/providers/Microsoft.Web/connections/keyvault",
          "connectionName": "keyvault",
          "id": "/subscriptions/{subscriptionId}/providers/Microsoft.Web/locations/{location}/managedApis/keyvault"
        },
        "azureblob": {
          "connectionId": "/subscriptions/{subscriptionId}/resourceGroups/{resourceGroupName}/providers/Microsoft.Web/connections/azureblob",
          "connectionName": "azureblob",
          "id": "/subscriptions/{subscriptionId}/providers/Microsoft.Web/locations/{location}/managedApis/azureblob"
        }
      }
    }
  }
}